./20110304_10SEH9524.laz, -121.910128613461097, -121.902261616164083, 38.1452491, 38.1461617, -0.240, 16.710
./20110304_10SEH9522.laz, -121.910329213392174, -121.901766616334157, 38.1317254, 38.1453208, -1.027, 1267.930
./20110304_10SEH9521.laz, -121.910529413323388, -121.901274216503339, 38.1182035, 38.1318039, -0.984, 22.723
./20110304_10SEH9519.laz, -121.910730413254328, -121.900779616673276, 38.1046793, 38.1182869, -1.949, 1245.205
./20110304_10SEH9518.laz, -121.910931013185404, -121.900287316842423, 38.0911569, 38.1047703, -1.802, 1223.706
./20110304_10SEH9516.laz, -121.911131813116413, -121.899793917011948, 38.0776332, 38.0912536, -1.568, 1221.859
./20110304_10SEH9515.laz, -121.911332713047386, -121.899299417181851, 38.0641101, 38.0777378, -1.339, 1248.185
./20110304_10SEH9513.laz, -121.911531912978944, -121.898787217357835, 38.0505871, 38.0642201, -0.792, 1264.336
./20110304_10SEH9512.laz, -121.91173321290978, -121.898317017519389, 38.0370634, 38.0507036, -0.802, 49.352
./20110304_10SEH9510.laz, -121.911932512841304, -121.897821817689533, 38.0235402, 38.0371874, -1.535, 85.185
./20110304_10SEH9509.laz, -121.911969612828557, -121.8977177177253, 38.0206818, 38.0236705, 4.496, 1130.853
./20110304_10SEH9424.laz, -121.927240807581597, -121.910117613464877, 38.1453215, 38.1462128, -0.366, 26.630
./20110304_10SEH9422.laz, -121.927439807513224, -121.910137513458039, 38.1318067, 38.1454777, -0.874, 1104.549
./20110304_10SEH9421.laz, -121.927638007445125, -121.910331013391556, 38.1182891, 38.1319614, -1.552, 1222.475
./20110304_10SEH9419.laz, -121.927836607376889, -121.910532213322426, 38.1047724, 38.1184444, -1.861, 1238.293
./20110304_10SEH9418.laz, -121.928034107309031, -121.910732413253641, 38.0912560, 38.1049285, -1.329, 1275.409
./20110304_10SEH9416.laz, -121.928231407241242, -121.910933013184717, 38.0777396, 38.0914114, -0.508, 1250.388
./20110304_10SEH9415.laz, -121.928428407173556, -121.911134713115416, 38.0642220, 38.0778947, -0.457, 1262.089
./20110304_10SEH9413.laz, -121.928625107105972, -121.911334813046665, 38.0507057, 38.0643775, -0.406, 1256.359
./20110304_10SEH9412.laz, -121.928822607038114, -121.911535712977638, 38.0371881, 38.0508607, -0.861, 60.147
./20110304_10SEH9410.laz, -121.929020106970256, -121.91173941290765, 38.0236717, 38.0373431, -0.942, 55.684
./20110304_10SEH9409.laz, -121.929056706957681, -121.911935212840376, 38.0209524, 38.0238279, 11.016, 46.132
./20110304_10SEH9224.laz, -121.944357601700517, -121.927235107583556, 38.1454806, 38.1462609, -1.195, 27.191
./20110304_10SEH9222.laz, -121.944553601633174, -121.927245407580017, 38.1319626, 38.1456339, -1.794, 1241.849
./20110304_10SEH9221.laz, -121.944748201566313, -121.927444807511506, 38.1184466, 38.1321170, -1.884, 1188.564
./20110304_10SEH9219.laz, -121.944943301499279, -121.927641307443992, 38.1049305, 38.1185993, -1.713, 1223.694
./20110304_10SEH9218.laz, -121.945137201432658, -121.927838807376133, 38.0914141, 38.1050824, -1.409, 1257.868
./20110304_10SEH9216.laz, -121.945330701366174, -121.928036507308207, 38.0778976, 38.0915660, -0.868, 1253.310
./20110304_10SEH9215.laz, -121.945524801299484, -121.92823420724028, 38.0643795, 38.0780491, -0.536, 1256.120
./20110304_10SEH9213.laz, -121.945718901232794, -121.92843150717249, 38.0508625, 38.0645321, -0.629, 1261.339
./20110304_10SEH9212.laz, -121.945913501165933, -121.928628707104735, 38.0373449, 38.0510158, -0.480, 9.057
./20110304_10SEH9210.laz, -121.946101201101442, -121.928827607036396, 38.0238290, 38.0374981, -0.002, 1121.682
./20110304_10SEH9209.laz, -121.946141901087458, -121.929021506969775, 38.0212754, 38.0239812, 16.123, 55.249
./20110304_10SEH9124.laz, -121.961474395819437, -121.944352601702235, 38.1456345, 38.1463089, -1.025, 2.355
./20110304_10SEH9122.laz, -121.961665495753778, -121.944362401698868, 38.1321182, 38.1457854, -1.754, 1217.414
./20110304_10SEH9121.laz, -121.961857895687672, -121.944557501631834, 38.1186007, 38.1322690, -1.360, 1161.316
./20110304_10SEH9119.laz, -121.962048695622116, -121.944750201565626, 38.1050847, 38.1187514, -1.520, 1249.557
./20110304_10SEH9118.laz, -121.96224039555625, -121.944945501498523, 38.0915677, 38.1052339, -1.489, 1246.869
./20110304_10SEH9116.laz, -121.962430895490797, -121.945140101431662, 38.0780508, 38.0917187, -1.225, 1246.811
./20110304_10SEH9115.laz, -121.962622695424898, -121.945333301365281, 38.0645339, 38.0782017, -0.558, 1257.521
./20110304_10SEH9113.laz, -121.962813895359204, -121.945528401298247, 38.0510176, 38.0646840, -0.539, 1260.448
./20110304_10SEH9112.laz, -121.963003295294129, -121.945722201231661, 38.0375005, 38.0511671, -7.242, 1157.187
./20110304_10SEH9110.laz, -121.963195495228092, -121.94591540116528, 38.0239824, 38.0376506, 0.229, 154.025
./20110304_10SEH9109.laz, -121.963225895217647, -121.946109801098487, 38.0215963, 38.0241338, 17.616, 1291.796
./20110304_10SEH8924.laz, -121.978591589938219, -121.961469395821155, 38.1457877, 38.1463582, -1.014, 12.213
./20110304_10SEH8922.laz, -121.978779789873556, -121.961479295817753, 38.1322709, 38.1459360, -1.245, 1253.232
./20110304_10SEH8921.laz, -121.978968189808825, -121.961669295752472, 38.1187539, 38.1324186, -1.121, 1218.966
./20110304_10SEH8919.laz, -121.979155789744368, -121.96185999568695, 38.1052387, 38.1189016, -1.279, 1240.238
./20110304_10SEH8918.laz, -121.979344489679534, -121.962053495620466, 38.0917193, 38.1053853, -0.566, 1260.971
./20110304_10SEH8916.laz, -121.979531889615146, -121.962242595555495, 38.0782029, 38.0918677, -1.226, 1261.049
./20110304_10SEH8915.laz, -121.979719389550723, -121.962433095490042, 38.0646872, 38.0783513, -1.066, 1255.567
./20110304_10SEH8913.laz, -121.979907489486095, -121.962624195424382, 38.0511708, 38.0648335, -0.496, 1257.428
./20110304_10SEH8912.laz, -121.980094189421948, -121.962815195358758, 38.0376520, 38.0513167, -0.413, 31.263
./20110304_10SEH8910.laz, -121.980281289357663, -121.963006195293133, 38.0241356, 38.0377996, 6.300, 145.174
./20110304_10SEH8909.laz, -121.980307689348592, -121.963197395227439, 38.0219139, 38.0242828, 41.931, 164.073
./20110304_10SEH8824.laz, -121.995708184057207, -121.978586589939937, 38.1459374, 38.1464074, -0.423, 4.137
./20110304_10SEH8822.laz, -121.995893183993644, -121.978593089937704, 38.1324204, 38.1460833, -1.139, 1183.475
./20110304_10SEH8821.laz, -121.996077783930218, -121.978780989873144, 38.1189041, 38.1325670, -1.268, 1229.838
./20110304_10SEH8819.laz, -121.99626198386693, -121.978969889808241, 38.1053869, 38.1190494, -0.606, 1248.796
./20110304_10SEH8818.laz, -121.996448083802989, -121.979157789743681, 38.0918694, 38.1055323, -0.696, 1279.459
./20110304_10SEH8816.laz, -121.996631883739838, -121.979346389678881, 38.0783531, 38.0920154, -0.638, 1277.947
./20110304_10SEH8815.laz, -121.996816683676343, -121.979535289613978, 38.0648353, 38.0784988, -0.699, 1243.946
./20110304_10SEH8813.laz, -121.997001883612711, -121.979721289550071, 38.0513192, 38.0649815, -0.543, 1262.432
./20110304_10SEH8812.laz, -121.997185083549766, -121.979908889485614, 38.0378016, 38.0514649, -0.464, 1165.684
./20110304_10SEH8810.laz, -121.997370283486134, -121.980096589421123, 38.0242844, 38.0379474, 14.097, 211.573
./20110304_10SEH8809.laz, -121.997396383477167, -121.980284289356632, 38.0222317, 38.0244299, 97.552, 178.163
./20110304_10SEH8624.laz, -122.012823678176574, -121.995705584058101, 38.1460850, 38.1464566, -0.510, 12.079
./20110304_10SEH8622.laz, -122.013006078113904, -121.995709384056795, 38.1325681, 38.1462292, -0.480, 1166.525
./20110304_10SEH8621.laz, -122.013187578051543, -121.995894683993129, 38.1190511, 38.1327121, -0.500, 1244.117
./20110304_10SEH8619.laz, -122.013368777989285, -121.996080183929394, 38.1055348, 38.1191935, -0.549, 1244.958
./20110304_10SEH8618.laz, -122.013551577926478, -121.996263983866243, 38.0920166, 38.1056777, -0.520, 1248.947
./20110304_10SEH8616.laz, -122.01373277786422, -121.996450183802267, 38.0785002, 38.0921605, -0.561, 1276.965
./20110304_10SEH8615.laz, -122.013914677801722, -121.996634983738772, 38.0649839, 38.0786435, -0.633, 1245.294
./20110304_10SEH8613.laz, -122.014095177739705, -121.996819083675518, 38.0514657, 38.0651262, -0.532, 1263.654
./20110304_10SEH8612.laz, -122.014274977677928, -121.997003383612196, 38.0379480, 38.0516091, -0.197, 150.662
./20110304_10SEH8610.laz, -122.01445687761543, -121.997187883548804, 38.0244311, 38.0380914, 35.767, 236.315
./20110304_10SEH8609.laz, -122.014481377607012, -121.997371783485619, 38.0225431, 38.0245746, 68.059, 185.749
./20110304_10SEH8524.laz, -122.029935372297246, -122.012821978177158, 38.1462310, 38.1465053, -0.659, 2.161
./20110304_10SEH8522.laz, -122.030116172235125, -122.012827578175234, 38.1327135, 38.1463715, -0.949, 1275.338
./20110304_10SEH8521.laz, -122.030297572172799, -122.013007978113251, 38.1191970, 38.1328537, -0.560, 1286.168
./20110304_10SEH8519.laz, -122.030475472111675, -122.013189678050821, 38.1056783, 38.1193369, -0.590, 1236.246
./20110304_10SEH8518.laz, -122.03065547204983, -122.013371677988289, 38.0921619, 38.1058187, -0.572, 1301.028
./20110304_10SEH8516.laz, -122.030832071989153, -122.013553777925722, 38.0786444, 38.0923030, -0.600, 1255.365
./20110304_10SEH8515.laz, -122.031012371927204, -122.013734677863567, 38.0651274, 38.0787853, -0.702, 1255.914
./20110304_10SEH8513.laz, -122.031190671865943, -122.013916677801035, 38.0516104, 38.0652684, -4.723, 1265.301
./20110304_10SEH8512.laz, -122.031367571805163, -122.014098077738709, 38.0380934, 38.0517508, 0.024, 93.447
./20110304_10SEH8510.laz, -122.031546071743833, -122.014278577676691, 38.0245752, 38.0382331, 2.844, 1249.541
./20110304_10SEH8509.laz, -122.031682071697105, -122.014459777614434, 38.0142484, 38.0247169, -2.615, 135.180
./20110304_10SEH8324.laz, -122.047049966416921, -122.029941672295081, 38.1463722, 38.1465509, -0.431, 4.838
./20110304_10SEH8322.laz, -122.047230466354904, -122.029941172295253, 38.1328563, 38.1465108, -0.631, 1241.327
./20110304_10SEH8321.laz, -122.047407566294055, -122.03012087223351, 38.1193393, 38.1329932, -0.601, 1282.407
./20110304_10SEH8319.laz, -122.047583266233687, -122.030299472172146, 38.1058210, 38.1194768, -0.521, 1245.394
./20110304_10SEH8318.laz, -122.047758766173388, -122.030478772110541, 38.0923048, 38.1059598, -0.603, 1257.464
./20110304_10SEH8316.laz, -122.04793446611302, -122.030657372049177, 38.0787870, 38.0924420, -1.454, 1265.352
./20110304_10SEH8315.laz, -122.048107566053545, -122.030835171988087, 38.0652702, 38.0789247, -0.643, 1259.081
./20110304_10SEH8313.laz, -122.048284665992696, -122.031013071926964, 38.0517526, 38.0654082, -0.745, 1268.122
./20110304_10SEH8312.laz, -122.048458465932981, -122.031191571865634, 38.0382357, 38.0518912, -0.082, 226.515
./20110304_10SEH8310.laz, -122.048633865872716, -122.031371571803788, 38.0247181, 38.0383731, 0.276, 71.181
./20110304_10SEH8309.laz, -122.048807165813173, -122.031548571742974, 38.0113099, 38.0248559, 0.605, 40.025
./20110304_10SEH8307.laz, -122.04898436575229, -122.045058667101102, 37.9977936, 38.0113385, 5.660, 37.176
./20110304_10SEH8306.laz, -122.049158865692334, -122.04543476697188, 37.9842783, 37.9978216, 3.993, 40.970
./20110304_10SEH8304.laz, -122.049291165646878, -122.045817666840321, 37.9738530, 37.9843040, 0.184, 37.532
./20110304_10SEH8224.laz, -122.054467963868206, -122.047062366412661, 38.1465130, 38.1465726, -0.111, 3.848
./20110304_10SEH8222.laz, -122.064346260474167, -122.047059566413623, 38.1329968, 38.1466020, -0.782, 1232.466
./20110304_10SEH8221.laz, -122.064516260415758, -122.047233566353839, 38.1194793, 38.1331318, -0.451, 1234.573
./20110304_10SEH8219.laz, -122.064690260355974, -122.04740996629323, 38.1059615, 38.1196141, -0.562, 1239.305
./20110304_10SEH8218.laz, -122.064862760296705, -122.047585466232931, 38.0924435, 38.1060977, -0.704, 1224.895
./20110304_10SEH8216.laz, -122.065035160237471, -122.047760866172666, 38.0789271, 38.0925801, -0.664, 1228.100
./20110304_10SEH8215.laz, -122.065206960178443, -122.047936366112367, 38.0654089, 38.0790627, -0.726, 1257.531
./20110304_10SEH8213.laz, -122.065379360119209, -122.048111866052068, 38.0518924, 38.0655456, -0.748, 1257.387
./20110304_10SEH8212.laz, -122.065551460060078, -122.048287065991872, 38.0383749, 38.0520281, -0.392, 162.194
./20110304_10SEH8210.laz, -122.06572096000184, -122.048461765931847, 38.0248573, 38.0385099, -0.363, 1263.503
./20110304_10SEH8209.laz, -122.065894059942366, -122.048636265871892, 38.0113408, 38.0249935, 0.555, 1145.935
./20110304_10SEH8207.laz, -122.066065859883338, -122.048810565812005, 37.9978226, 38.0114747, -0.238, 1246.049
./20110304_10SEH8206.laz, -122.066237259824447, -122.048984865752118, 37.9843046, 37.9979578, 0.672, 1219.990
./20110304_10SEH8204.laz, -122.066361759781671, -122.049161465691441, 37.9739576, 37.9844402, -2.884, 47.543
./20110304_10SEH8022.laz, -122.081456054595492, -122.064175860532714, 38.1331330, 38.1466524, -0.452, 1239.076
./20110304_10SEH8021.laz, -122.08162885453612, -122.064350360472758, 38.1196161, 38.1332666, -0.354, 1284.665
./20110304_10SEH8019.laz, -122.081798054477986, -122.064520960414143, 38.1060984, 38.1197502, -0.523, 1351.284
./20110304_10SEH8018.laz, -122.081966854419989, -122.064692560355184, 38.0925820, 38.1062322, -0.593, 1294.992
./20110304_10SEH8016.laz, -122.082134854362266, -122.06486586029564, 38.0790638, 38.0927151, -0.744, 1246.782
./20110304_10SEH8015.laz, -122.082305054303788, -122.065037560236647, 38.0655469, 38.0791977, -0.855, 1253.373
./20110304_10SEH8013.laz, -122.082473554245894, -122.065208960177756, 38.0520293, 38.0656793, -0.748, 1259.201
./20110304_10SEH8012.laz, -122.082636554189889, -122.065380560118797, 38.0385121, 38.0521611, -0.599, 1219.968
./20110304_10SEH8010.laz, -122.082808254130896, -122.065553360059425, 38.0249947, 38.0386400, -0.931, 136.357
./20110304_10SEH8009.laz, -122.08297885407228, -122.065724060000775, 38.0114766, 38.0251273, -2.960, 114.506
./20110304_10SEH8007.laz, -122.083147354014386, -122.065896859941404, 37.9979596, 38.0116097, -1.178, 1100.180
./20110304_10SEH8006.laz, -122.080820054814012, -122.066068759882342, 37.9844414, 37.9980745, -7.448, 77.720
./20110304_10SEH8004.laz, -122.076217256395466, -122.066238959823863, 37.9745196, 37.9845192, -20.095, 61.720
./20110304_10SEH7922.laz, -122.098573048714343, -122.081294754650912, 38.1332685, 38.1467003, -0.472, 1262.850
./20110304_10SEH7921.laz, -122.09873944865717, -122.081463654592881, 38.1197504, 38.1333993, -0.495, 1302.137
./20110304_10SEH7919.laz, -122.098904848600341, -122.081631254535296, 38.1062334, 38.1198824, -0.561, 1289.951
./20110304_10SEH7918.laz, -122.099071848542962, -122.081799754477402, 38.0927163, 38.1063648, -0.516, 1289.461
./20110304_10SEH7916.laz, -122.099237048486202, -122.081968754419336, 38.0791989, 38.0928478, -1.465, 1264.350
./20110304_10SEH7915.laz, -122.099403148429133, -122.082138054361167, 38.0656819, 38.0793296, -1.325, 1248.892
./20110304_10SEH7913.laz, -122.099568048372475, -122.082307954302792, 38.0521643, 38.0658114, -0.714, 1262.159
./20110304_10SEH7912.laz, -122.099732048316127, -122.082475954245069, 38.0386571, 38.0522943, -0.666, 49.078
./20110304_10SEH7910.laz, -122.099898648258886, -122.082671754177795, 38.0251290, 38.0387768, -0.420, 205.098
./20110304_10SEH7909.laz, -122.100064048202057, -122.082812354129487, 38.0116109, 38.0252599, -5.170, 1146.078
./20110304_10SEH7907.laz, -122.100223048147427, -122.08298275407094, 37.9981711, 38.0117422, 1.450, 1303.009
./20110304_10SEH7722.laz, -122.115687342834121, -122.098411148769969, 38.1334006, 38.1467461, -0.782, 1270.502
./20110304_10SEH7721.laz, -122.115849242778495, -122.098577348712865, 38.1198840, 38.1335301, -0.261, 1347.553
./20110304_10SEH7719.laz, -122.116011742722662, -122.09874174865638, 38.1063666, 38.1200117, -0.344, 1410.557
./20110304_10SEH7718.laz, -122.116175642666349, -122.09890694859962, 38.0928490, 38.1064949, -0.181, 1333.079
./20110304_10SEH7716.laz, -122.116337942610585, -122.099073348542447, 38.0793312, 38.0929771, -2.331, 1270.709
./20110304_10SEH7715.laz, -122.116501242554477, -122.099238448485721, 38.0658136, 38.0794585, -1.425, 1266.931
./20110304_10SEH7713.laz, -122.116662742498988, -122.099405248428411, 38.0522969, 38.0659421, -0.836, 1301.061
./20110304_10SEH7712.laz, -122.116824642443362, -122.09957024837172, 38.0387786, 38.0524245, -4.976, 134.028
./20110304_10SEH7710.laz, -122.116987142387529, -122.099735348314994, 38.0252609, 38.0389063, -0.567, 223.700
./20110304_10SEH7709.laz, -122.117148042332246, -122.099901448257924, 38.0117433, 38.0253894, -6.377, 1067.568
./20110304_10SEH7707.laz, -122.117298042280709, -122.100069848200064, 37.9988643, 38.0118712, -10.769, 79.918
./20110304_10SEH7622.laz, -122.12084004106373, -122.11552884288858, 38.1335313, 38.1467595, 10.677, 446.996
./20110304_10SEH7621.laz, -122.120880941049677, -122.11568874283364, 38.1200142, 38.1335684, 61.886, 1318.425
./20110304_10SEH7619.laz, -122.120921641035693, -122.115851542777705, 38.1064966, 38.1200502, 83.574, 1338.754
./20110304_10SEH7618.laz, -122.120962141021778, -122.116014842721597, 38.0929779, 38.1065314, 45.718, 1238.629
./20110304_10SEH7616.laz, -122.121002341007966, -122.116177142665833, 38.0794609, 38.0930131, 4.460, 1262.267
./20110304_10SEH7615.laz, -122.126935038969577, -122.116340842609588, 38.0659444, 38.0794950, -0.257, 1284.168
./20110304_10SEH7613.laz, -122.127201638877978, -122.116502242554134, 38.0524264, 38.0660199, -4.878, 1284.620
./20110304_10SEH7612.laz, -122.128023938595447, -122.116665142498164, 38.0389076, 38.0525030, -4.918, 69.198
./20110304_10SEH7610.laz, -122.129479038095496, -122.116828442442056, 38.0253906, 38.0389386, -0.569, 109.910
./20110304_10SEH7609.laz, -122.124159839923095, -122.116990542386361, 38.0118729, 38.0254429, 0.982, 83.011
./20110304_10SEH7607.laz, -122.121329040895716, -122.117153042330528, 37.9995531, 38.0119022, 5.450, 106.068
./20110304_10SEH2600.laz, -122.698439642608946, -122.685559647034324, 37.9336501, 37.9426963, 0.834, 1308.932
./20110304_10SEH2500.laz, -122.704129640653946, -122.698403442621384, 37.9336841, 37.9427108, 2.116, 1436.894
./20110304_10SEH2200.laz, -122.749646725014941, -122.743837627010862, 37.9337912, 37.9361588, 38.120, 154.746
./20110304_10SEH2000.laz, -122.76671671914994, -122.749640225017174, 37.9338039, 37.9446959, -1.280, 1308.348
./20110304_10SEH1903.laz, -122.783707013312323, -122.78200421389738, 37.9609071, 37.9639862, 57.222, 134.759
./20110304_10SEH1901.laz, -122.783746113298889, -122.771930117358693, 37.9473689, 37.9609096, -1.074, 1308.202
./20110304_10SEH1900.laz, -122.783749213297824, -122.76668321916145, 37.9338392, 37.9473900, -1.550, 1265.135
./20110304_10SEH1704.laz, -122.800739107460345, -122.790759810889085, 37.9744424, 37.9840614, -1.018, 253.548
./20110304_10SEH1703.laz, -122.798165108344733, -122.783698213315347, 37.9609102, 37.9744540, -1.107, 155.193
./20110304_10SEH1701.laz, -122.788792711564952, -122.783707813312049, 37.9473908, 37.9609192, -1.640, 1312.444
./20110304_10SEH1700.laz, -122.787744511925098, -122.78374701329858, 37.9458100, 37.9473973, -1.661, 18.130
./20110304_10SEH1606.laz, -122.817788501602422, -122.807009105306065, 37.9879892, 37.9967904, -1.159, 148.571
./20110304_10SEH1604.laz, -122.817070201849219, -122.80072040746677, 37.9769973, 37.9880044, -0.918, 193.155
./20110304_10SEH1407.laz, -122.834839795743846, -122.823400399674256, 38.0015346, 38.0087058, -1.065, 126.657
./20110304_10SEH1406.laz, -122.832605096511656, -122.817769901608813, 37.9889870, 38.0015475, -1.713, 93.627
./20110304_10SEH1309.laz, -122.851901189881801, -122.845741591998149, 38.0150856, 38.0181970, 16.701, 75.765
./20110304_10SEH1307.laz, -122.851906689879911, -122.83482779574797, 38.0027999, 38.0150931, -1.115, 118.557
./20110304_10SEH1109.laz, -122.868980884013467, -122.85189568988369, 38.0150936, 38.0252804, -1.137, 96.578
./20110304_10SEH1107.laz, -122.85883358749993, -122.851901689881629, 38.0123070, 38.0151010, -1.076, 37.478
./20110304_10SEH1012.laz, -122.886035878153621, -122.880234780146793, 38.0421641, 38.0467347, 44.269, 805.260
./20110304_10SEH1010.laz, -122.886056478146543, -122.86950898383202, 38.0286338, 38.0421696, 0.208, 1280.102
./20110304_10SEH1009.laz, -122.886063678144069, -122.868971584016663, 38.0192092, 38.0286502, -1.139, 1226.765
./20110304_10SEH0813.laz, -122.903112572286318, -122.891701276207073, 38.0556945, 38.0667818, 2.847, 1307.043
./20110304_10SEH0812.laz, -122.903130372280202, -122.886029678155751, 38.0421696, 38.0557042, 2.949, 1297.826
./20110304_10SEH0810.laz, -122.903147772274224, -122.886036378153449, 38.0286507, 38.0421848, -0.061, 1284.152
./20110304_10SEH0809.laz, -122.903150672273227, -122.886057178146302, 38.0238936, 38.0286654, -1.219, 945.826
./20110304_10SEH0716.laz, -122.920180766421936, -122.914006768543231, 38.0827514, 38.0925600, 5.049, 1287.358
./20110304_10SEH0715.laz, -122.920195566416851, -122.90516757158025, 38.0692254, 38.0827552, 0.133, 1302.921
./20110304_10SEH0713.laz, -122.920210166411835, -122.9030980722913, 38.0557042, 38.0692358, 0.075, 1309.074
./20110304_10SEH0712.laz, -122.920224366406956, -122.903112872286215, 38.0421853, 38.0557169, -0.065, 1282.549
./20110304_10SEH0710.laz, -122.920239666401699, -122.903130572280133, 38.0286659, 38.0421976, -0.695, 1213.302
./20110304_10SEH0709.laz, -122.920240166401527, -122.903148472273983, 38.0266705, 38.0286782, -1.041, 3.847
./20110304_10SEH0516.laz, -122.937284860545219, -122.920170666425406, 38.0827556, 38.0940966, 0.109, 1324.128
./20110304_10SEH0515.laz, -122.937296060541371, -122.920181266421764, 38.0692364, 38.0827655, -0.117, 1287.518
./20110304_10SEH0513.laz, -122.937307760537351, -122.920195866416748, 38.0557170, 38.0692461, -0.084, 1290.040
./20110304_10SEH0512.laz, -122.9373192605334, -122.920210666411663, 38.0421980, 38.0557273, -0.312, 1283.746
./20110304_10SEH0510.laz, -122.93733096052938, -122.920225266406646, 38.0286788, 38.0422079, -0.968, 1290.300
./20110304_10SEH0509.laz, -122.928472963572858, -122.920240166401527, 38.0280724, 38.0286836, -0.753, 3.345
./20110304_10SEH0416.laz, -122.954388854668537, -122.937276160548208, 38.0827661, 38.0934716, 0.618, 1290.676
./20110304_10SEH0415.laz, -122.954397254665651, -122.937285260545082, 38.0692480, 38.0827734, 0.049, 1194.365
./20110304_10SEH0413.laz, -122.954405854662696, -122.937297760540787, 38.0557277, 38.0692544, -0.362, 1316.505
./20110304_10SEH0412.laz, -122.954412254660497, -122.937308060537248, 38.0422084, 38.0557352, -0.584, 1274.246
./20110304_10SEH0410.laz, -122.954422354657027, -122.937319760533228, 38.0286952, 38.0422150, -1.142, 1304.160
./20110304_10SEH0409.laz, -122.954422354657027, -122.949133756474112, 38.0276828, 38.0286964, -1.433, 0.222
./20110304_10SEH0216.laz, -122.960090352709585, -122.954383554670358, 38.0827739, 38.0917886, 6.853, 1270.040
./20110304_10SEH0215.laz, -122.963263651619286, -122.954389354668365, 38.0692550, 38.0827757, -0.026, 1281.499
./20110304_10SEH0213.laz, -122.967755850075832, -122.954397754665479, 38.0557352, 38.0692576, -0.206, 1282.779
./20110304_10SEH0212.laz, -122.967193350269099, -122.954406054662627, 38.0449823, 38.0557395, -0.164, 1274.421
./20110304_10SEH0210.laz, -122.971512048785257, -122.954414954659569, 38.0286970, 38.0411114, -0.625, 1299.136
./20110304_10SEH0209.laz, -122.971518048783196, -122.954422854656855, 38.0179095, 38.0287013, -1.139, 1276.857
./20110304_10SEH0206.laz, -122.971529348779313, -122.961334652282062, 37.9881418, 37.9983030, -1.221, 67.053
./20110304_10SEH0204.laz, -122.969195249581276, -122.96270855181001, 37.9875332, 37.9881436, -1.133, 0.726
./20110304_10SEH0110.laz, -122.971645148739526, -122.971512248785189, 38.0341042, 38.0344080, 5.174, 7.925
./20110304_10SEH0109.laz, -122.979765245949579, -122.971514248784501, 38.0151837, 38.0284617, -0.892, 77.964
./20110304_10SEH0107.laz, -122.988609642910774, -122.974663147702586, 38.0016655, 38.0151843, -1.020, 106.434
./20110304_10SEH0106.laz, -122.988611742910052, -122.97152644878031, 37.9881455, 38.0016665, -1.497, 122.527
./20110304_10SEG9746.laz, -121.903451515755251, -121.894575518804913, 37.4421890, 37.4472668, 3.424, 1256.181
./20110304_10SEG9744.laz, -121.903649915687083, -121.895403718520356, 37.4287117, 37.4422591, 0.296, 1379.056
./20110304_10SEG9743.laz, -121.903743515654924, -121.900237016859705, 37.4222436, 37.4287420, 4.550, 22.930
./20110304_10SEG9547.laz, -121.92021200999659, -121.912695212579251, 37.4558679, 37.4682205, -3.042, 1340.481
./20110304_10SEG9546.laz, -121.920406909929625, -121.903380715779576, 37.4422619, 37.4559342, -13.347, 1359.817
./20110304_10SEG9544.laz, -121.920600309863175, -121.903453715754495, 37.4287439, 37.4424160, -3.081, 1348.933
./20110304_10SEG9543.laz, -121.920704209827477, -121.90365091568674, 37.4217116, 37.4288978, 2.188, 54.021
./20110304_10SEG9450.laz, -121.936786804301732, -121.935714304670228, 37.4831159, 37.4846839, 6.056, 28.895
./20110304_10SEG9449.laz, -121.936978404235902, -121.92288560907798, 37.4694797, 37.4831249, -3.892, 1256.299
./20110304_10SEG9447.laz, -121.93716910417038, -121.920037110056683, 37.4559359, 37.4696062, -1.233, 1375.254
./20110304_10SEG9446.laz, -121.937359704104892, -121.920213309996143, 37.4424177, 37.4560885, -1.132, 1376.167
./20110304_10SEG9444.laz, -121.937551204039096, -121.920407909929281, 37.4288990, 37.4425704, -2.532, 1387.467
./20110304_10SEG9443.laz, -121.937742603973334, -121.920601509862763, 37.4155277, 37.4290516, -0.183, 52.173
./20110304_10SEG9441.laz, -121.937933703907674, -121.936925504254077, 37.4020098, 37.4155328, 4.341, 32.819
./20110304_10SEG9440.laz, -121.938123803842359, -121.933256905514554, 37.3884800, 37.4020152, -35.546, 172.841
./20110304_10SEG9438.laz, -121.938140803836518, -121.936146304521799, 37.3872512, 37.3884962, 3.111, 23.773
./20110304_10SEG9252.laz, -121.953560498538536, -121.945147301429188, 37.4967216, 37.5071843, -26.715, 1277.060
./20110304_10SEG9250.laz, -121.953750298473324, -121.936766004308879, 37.4831256, 37.4967940, -0.383, 1238.313
./20110304_10SEG9249.laz, -121.953938698408592, -121.936787604301458, 37.4696080, 37.4832758, -23.240, 1355.334
./20110304_10SEG9247.laz, -121.954111298349289, -121.936979604235489, 37.4560903, 37.4697570, -9.884, 1369.391
./20110304_10SEG9246.laz, -121.954291498287375, -121.937171304169624, 37.4425710, 37.4562374, -10.225, 1382.273
./20110304_10SEG9244.laz, -121.954503098214673, -121.937362004104102, 37.4290527, 37.4426987, -9.643, 1374.926
./20110304_10SEG9243.laz, -121.954690798150182, -121.937552604038615, 37.4155346, 37.4292023, -2.674, 60.772
./20110304_10SEG9241.laz, -121.954878898085553, -121.937744103972818, 37.4020164, 37.4156842, -4.103, 90.265
./20110304_10SEG9240.laz, -121.95494619806243, -121.937934903907262, 37.3884970, 37.4021660, 0.574, 169.311
./20110304_10SEG9238.laz, -121.942631002293751, -121.938126103841569, 37.3871460, 37.3885371, 5.242, 29.040
./20110304_10SEG9152.laz, -121.970527592708891, -121.953421398586329, 37.4967957, 37.5073949, -9.356, 1246.540
./20110304_10SEG9150.laz, -121.970713792644915, -121.953562598537815, 37.4832776, 37.4969436, 0.494, 1358.540
./20110304_10SEG9149.laz, -121.970898092581592, -121.953752198472671, 37.4697592, 37.4834253, -0.894, 1369.771
./20110304_10SEG9147.laz, -121.971040792532563, -121.95393989840818, 37.4562423, 37.4699060, -1.137, 1379.122
./20110304_10SEG9146.laz, -121.971267692454603, -121.95413079834259, 37.4427425, 37.4563829, -0.934, 1371.744
./20110304_10SEG9144.laz, -121.971454692390353, -121.954348498267791, 37.4292035, 37.4428694, -2.133, 1388.495
./20110304_10SEG9143.laz, -121.971639892326721, -121.954504698214123, 37.4156853, 37.4293513, -4.268, 39.395
./20110304_10SEG9141.laz, -121.971824192263398, -121.954691898149804, 37.4021672, 37.4158332, -5.849, 105.818
./20110304_10SEG9140.laz, -121.971951892219522, -121.954880298085072, 37.3887323, 37.4023144, -3.330, 2242.326
./20110304_10SEG9138.laz, -121.971777592279409, -121.96462929473546, 37.3849218, 37.3887943, 3.588, 1258.405
./20110304_10SEG8953.laz, -121.987312786941743, -121.975430791024223, 37.5105068, 37.5206419, -12.436, 42.680
./20110304_10SEG8952.laz, -121.987494886879176, -121.970387592756992, 37.4969442, 37.5106083, -8.316, 1306.789
./20110304_10SEG8950.laz, -121.987660886822141, -121.970530892707757, 37.4834260, 37.4970901, -1.747, 1376.666
./20110304_10SEG8949.laz, -121.987840086760571, -121.970715692644262, 37.4699082, 37.4835652, -0.767, 1378.278
./20110304_10SEG8947.laz, -121.988041886691235, -121.970902192580184, 37.4563938, 37.4700391, -1.377, 1381.537
./20110304_10SEG8946.laz, -121.988222886629046, -121.971092692514731, 37.4428725, 37.4565343, -0.675, 1399.638
./20110304_10SEG8944.laz, -121.988404586566617, -121.971271992453126, 37.4293526, 37.4430149, -0.915, 2229.842
./20110304_10SEG8943.laz, -121.988587186503878, -121.971456792389631, 37.4158344, 37.4294966, -2.024, 835.212
./20110304_10SEG8941.laz, -121.988769586441208, -121.971641392326205, 37.4023168, 37.4159777, -1.743, 2175.184
./20110304_10SEG8940.laz, -121.988938786383073, -121.971826592262573, 37.3893227, 37.4024601, -5.589, 1193.395
./20110304_10SEG8855.laz, -122.001238082157215, -121.993954984659581, 37.5241867, 37.5260120, 6.200, 40.279
./20110304_10SEG8853.laz, -122.004281581111513, -121.987241286966309, 37.5106095, 37.5242463, 1.261, 78.628
./20110304_10SEG8852.laz, -122.004460481050046, -121.987313986941331, 37.4970913, 37.5107530, -0.180, 1359.084
./20110304_10SEG8850.laz, -122.004595481003662, -121.987496586878592, 37.4835865, 37.4972342, -1.100, 1375.807
./20110304_10SEG8849.laz, -122.004802680932471, -121.987711586804721, 37.4700827, 37.4836826, 0.179, 1364.417
./20110304_10SEG8847.laz, -122.004999880864716, -121.987903986738615, 37.4565355, 37.4701832, -1.501, 1399.647
./20110304_10SEG8846.laz, -122.005179280803077, -121.98804338669072, 37.4430198, 37.4566776, -0.218, 1394.407
./20110304_10SEG8844.laz, -122.005358080741644, -121.988229586626744, 37.4294985, 37.4431600, -0.759, 2214.477
./20110304_10SEG8843.laz, -122.005536380680383, -121.988410786564486, 37.4159813, 37.4296420, -1.276, 2206.602
./20110304_10SEG8841.laz, -122.005715380618881, -121.988589386503122, 37.4024627, 37.4161230, -1.913, 42.061
./20110304_10SEG8840.laz, -122.005767080601117, -121.988771686440487, 37.3899350, 37.4026048, 2.586, 32.784
./20110304_10SEG8653.laz, -122.021236575286025, -122.004153781155424, 37.5107546, 37.5232187, 1.191, 60.948
./20110304_10SEG8652.laz, -122.021420775222737, -122.004284481110517, 37.4972354, 37.5108740, -1.172, 1365.515
./20110304_10SEG8650.laz, -122.021605575159242, -122.004463481049015, 37.4837280, 37.4973746, -1.080, 1368.704
./20110304_10SEG8649.laz, -122.021695675128285, -122.004655980982875, 37.4702128, 37.4838577, -0.471, 1384.857
./20110304_10SEG8647.laz, -122.021952975039881, -122.004833380921923, 37.4566806, 37.4703193, -1.142, 1380.337
./20110304_10SEG8646.laz, -122.022132774978104, -122.005002380863857, 37.4431613, 37.4568193, -1.081, 2287.477
./20110304_10SEG8644.laz, -122.022307974917908, -122.005180480802665, 37.4296438, 37.4433019, -0.860, 2208.636
./20110304_10SEG8643.laz, -122.022485574856887, -122.005359280741231, 37.4161248, 37.4297812, -5.795, 2255.772
./20110304_10SEG8641.laz, -122.022641674803253, -122.005539480679317, 37.4026062, 37.4162648, -16.801, 38.805
./20110304_10SEG8640.laz, -122.016099477051057, -122.005717780618056, 37.3986802, 37.4026913, 1.437, 1151.136
./20110304_10SEG8555.laz, -122.038048769509601, -122.026549973460419, 37.5244595, 37.5374032, -1.579, 37.917
./20110304_10SEG8553.laz, -122.038211769453596, -122.021092975335364, 37.5109208, 37.5245521, -22.849, 91.219
./20110304_10SEG8552.laz, -122.038396169390239, -122.021275275272728, 37.4973771, 37.5110199, 0.456, 1386.901
./20110304_10SEG8550.laz, -122.038569169330799, -122.021431375219095, 37.4838583, 37.4975157, -1.034, 1393.784
./20110304_10SEG8549.laz, -122.038742669271187, -122.021606575158899, 37.4703644, 37.4839969, -0.745, 1304.576
./20110304_10SEG8547.laz, -122.038915769211712, -122.021798775092861, 37.4568225, 37.4704781, -1.344, 2247.524
./20110304_10SEG8546.laz, -122.039088869152238, -122.021962575036582, 37.4433037, 37.4569599, -1.205, 2144.384
./20110304_10SEG8544.laz, -122.039261669092866, -122.022135074977314, 37.4297843, 37.4434409, -0.733, 2186.636
./20110304_10SEG8543.laz, -122.039433769033735, -122.022312674916293, 37.4162661, 37.4299211, -0.817, 2228.321
./20110304_10SEG8541.laz, -122.039484969016144, -122.022487474856234, 37.4042473, 37.4164023, -24.976, 876.583
./20110304_10SEG8365.laz, -122.053826564088581, -122.0477185661872, 37.6192729, 37.6292472, 0.923, 1227.931
./20110304_10SEG8364.laz, -122.053997364029897, -122.047789366162874, 37.6057878, 37.6193192, -0.074, 1244.990
./20110304_10SEG8362.laz, -122.0540718640043, -122.052282064619249, 37.5999781, 37.6057999, 4.355, 32.511
./20110304_10SEG8361.laz, -122.054339963912184, -122.052977764380216, 37.5787538, 37.5859619, 2.111, 30.252
./20110304_10SEG8359.laz, -122.054510863853466, -122.050588865201007, 37.5652149, 37.5787639, -1.327, 25.930
./20110304_10SEG8358.laz, -122.054681063794987, -122.048202266021008, 37.5516761, 37.5652453, 3.068, 55.627
./20110304_10SEG8356.laz, -122.054851763736337, -122.040892268532616, 37.5380970, 37.5517257, -19.980, 32.350
./20110304_10SEG8355.laz, -122.055022163677791, -122.037885269565777, 37.5245539, 37.5382077, -7.462, 58.177
./20110304_10SEG8353.laz, -122.055193263619003, -122.038051169508776, 37.5110558, 37.5246894, -3.081, 127.683
./20110304_10SEG8352.laz, -122.055363663560456, -122.038243369442739, 37.4975175, 37.5111713, -0.684, 1385.411
./20110304_10SEG8350.laz, -122.055534163501875, -122.038398069389586, 37.4839991, 37.4976530, -1.015, 1301.322
./20110304_10SEG8349.laz, -122.055704363443397, -122.038572769329562, 37.4704797, 37.4841335, 0.168, 1370.560
./20110304_10SEG8347.laz, -122.05587406338509, -122.038744369270603, 37.4569610, 37.4706143, -1.355, 2252.348
./20110304_10SEG8346.laz, -122.056043563326853, -122.038916669211403, 37.4434417, 37.4570961, -0.895, 2234.203
./20110304_10SEG8344.laz, -122.056213763268374, -122.039090469151688, 37.4299229, 37.4435767, -0.540, 2090.094
./20110304_10SEG8343.laz, -122.05638296321024, -122.039263369092282, 37.4164040, 37.4300585, -1.678, 1151.799
./20110304_10SEG8341.laz, -122.056412163200207, -122.039435669033082, 37.4123813, 37.4165397, 2.505, 547.783
./20110304_10SEG8265.laz, -122.070821658249315, -122.053703664130808, 37.6193199, 37.6303566, -1.146, 1262.460
./20110304_10SEG8264.laz, -122.070990158191421, -122.053827664088203, 37.6058024, 37.6194536, -21.355, 1161.760
./20110304_10SEG8262.laz, -122.071158158133699, -122.05399936402921, 37.5922933, 37.6059349, -4.384, 43.252
./20110304_10SEG8261.laz, -122.071325958076045, -122.054250163943038, 37.5787658, 37.5924173, -6.206, 42.139
./20110304_10SEG8259.laz, -122.071493258018563, -122.054342063911463, 37.5652465, 37.5788984, -6.990, 36.398
./20110304_10SEG8258.laz, -122.071660657961047, -122.054511863853122, 37.5517277, 37.5653797, -0.401, 39.226
./20110304_10SEG8256.laz, -122.071828857903256, -122.054683163794266, 37.5382101, 37.5518603, -0.602, 46.926
./20110304_10SEG8255.laz, -122.071992157847149, -122.054854163735513, 37.5246920, 37.5383413, -0.575, 1343.582
./20110304_10SEG8253.laz, -122.072164257788017, -122.055024263677069, 37.5111719, 37.5248239, -0.064, 119.770
./20110304_10SEG8252.laz, -122.072331557730536, -122.05519426361866, 37.4976537, 37.5113045, -0.628, 1331.336
./20110304_10SEG8250.laz, -122.072497957673363, -122.05536496356001, 37.4841343, 37.4977868, -0.998, 1359.919
./20110304_10SEG8249.laz, -122.072571357648144, -122.055535063501566, 37.4706161, 37.4842675, -1.153, 2263.895
./20110304_10SEG8247.laz, -122.072832057558571, -122.055706063442813, 37.4570973, 37.4706652, -0.851, 2162.346
./20110304_10SEG8246.laz, -122.07299705750188, -122.055875263384678, 37.4435797, 37.4572299, -0.600, 2257.470
./20110304_10SEG8244.laz, -122.073166257443745, -122.056045963326028, 37.4300601, 37.4437110, -27.134, 460.834
./20110304_10SEG8243.laz, -122.073333057386435, -122.056216363267481, 37.4165414, 37.4301921, -1.139, 1146.386
./20110304_10SEG8241.laz, -122.073343657382793, -122.056385763209278, 37.4122999, 37.4166741, 1.324, 1056.769
./20110304_10SEG8065.laz, -122.087817052409946, -122.07068755829539, 37.6194553, 37.6304517, 0.265, 1283.074
./20110304_10SEG8064.laz, -122.087981252353529, -122.070824258248422, 37.6059373, 37.6195863, -8.215, 1249.423
./20110304_10SEG8062.laz, -122.088145652297044, -122.070991058191112, 37.5924179, 37.6060680, -0.396, 41.621
./20110304_10SEG8061.laz, -122.088311352240112, -122.071159158133355, 37.5788997, 37.5925493, -1.428, 36.539
./20110304_10SEG8059.laz, -122.08847475218397, -122.07132835807522, 37.5653809, 37.5790303, -0.388, 47.148
./20110304_10SEG8058.laz, -122.088640952126866, -122.071494958017979, 37.5518626, 37.5655115, -0.631, 43.513
./20110304_10SEG8056.laz, -122.08880605207014, -122.071663257960154, 37.5383445, 37.5519935, -35.994, 111.634
./20110304_10SEG8055.laz, -122.088968652014273, -122.071830057902844, 37.5248355, 37.5384746, -35.994, 1225.010
./20110304_10SEG8053.laz, -122.089134051957444, -122.072050357827152, 37.5113069, 37.5249565, -0.790, 1237.578
./20110304_10SEG8052.laz, -122.089298451900959, -122.072164957787777, 37.4977879, 37.5114375, -1.040, 1058.226
./20110304_10SEG8050.laz, -122.089327451890995, -122.072331857730433, 37.4842693, 37.4979188, -1.050, 765.846
./20110304_10SEG8049.laz, -122.084346653602324, -122.072499657672779, 37.4707742, 37.4842815, -0.740, 781.825
./20110304_10SEG8047.laz, -122.089790851731777, -122.072676957611861, 37.4572316, 37.4708399, -1.208, 2184.436
./20110304_10SEG8046.laz, -122.089954551675532, -122.072833757557987, 37.4437141, 37.4573616, -0.979, 908.588
./20110304_10SEG8044.laz, -122.090118551619184, -122.07300255749999, 37.4301947, 37.4438430, 0.094, 34.041
./20110304_10SEG8043.laz, -122.090281351563249, -122.073167157443436, 37.4166747, 37.4303247, -30.926, 41.046
./20110304_10SEG8041.laz, -122.090290451560122, -122.073334057386091, 37.4154458, 37.4168058, 2.583, 30.463
./20110304_10SEG7965.laz, -122.104811846570783, -122.087713652445473, 37.6195875, 37.6281618, -1.113, 1256.373
./20110304_10SEG7964.laz, -122.104972546515569, -122.087817752409705, 37.6060697, 37.6197170, -2.465, 1252.382
./20110304_10SEG7962.laz, -122.105135346459633, -122.087984352352464, 37.5925515, 37.6061970, -9.243, 47.253
./20110304_10SEG7961.laz, -122.105296846404144, -122.08814895229591, 37.5790323, 37.5926794, -2.626, 39.259
./20110304_10SEG7959.laz, -122.10545984634814, -122.08831345223939, 37.5655147, 37.5791612, -0.623, 36.595
./20110304_10SEG7958.laz, -122.105612846295571, -122.088479552182321, 37.5519953, 37.5656424, -0.645, 90.410
./20110304_10SEG7956.laz, -122.105782346237334, -122.088642352126385, 37.5385042, 37.5521240, 1.243, 82.683
./20110304_10SEG7955.laz, -122.105905546195004, -122.088833652060657, 37.5249577, 37.5386048, -0.538, 672.730
./20110304_10SEG7953.laz, -122.106092046130925, -122.088972952012796, 37.5114383, 37.5250573, -0.660, 1169.548
./20110304_10SEG7952.laz, -122.106265646071279, -122.089135251957032, 37.4979201, 37.5115149, -0.750, 1055.965
./20110304_10SEG7950.laz, -122.106272546068908, -122.089300151900375, 37.4954830, 37.4980477, -1.021, 727.076
./20110304_10SEG7949.laz, -122.10658774596061, -122.091739751062164, 37.4708983, 37.4807822, -0.422, 78.446
./20110304_10SEG7947.laz, -122.106749545905018, -122.08964005178359, 37.4573636, 37.4710101, -0.520, 49.898
./20110304_10SEG7946.laz, -122.106909545850044, -122.089792751731125, 37.4438448, 37.4574919, -24.070, 58.768
./20110304_10SEG7944.laz, -122.107069845794967, -122.08995575167512, 37.4303254, 37.4439729, -11.508, 38.778
./20110304_10SEG7943.laz, -122.107231145739547, -122.090119751618772, 37.4168066, 37.4304537, -12.057, 43.597
./20110304_10SEG7941.laz, -122.107236045737864, -122.090283751562424, 37.4148014, 37.4169348, -0.206, 338.102
./20110304_10SEG7767.laz, -122.121648140786078, -122.121070040984705, 37.6333598, 37.6342293, 6.315, 18.224
./20110304_10SEG7765.laz, -122.121807040731483, -122.104712846604798, 37.6197176, 37.6333629, -1.505, 1298.983
./20110304_10SEG7764.laz, -122.121964340677437, -122.104813146570336, 37.6062012, 37.6198445, 0.576, 1259.384
./20110304_10SEG7762.laz, -122.122124740622326, -122.104976146514332, 37.5926806, 37.6063259, -0.286, 22.892
./20110304_10SEG7761.laz, -122.122275240570616, -122.105137146459015, 37.5791624, 37.5928075, -0.478, 33.417
./20110304_10SEG7759.laz, -122.122442140513272, -122.105299546403216, 37.5656430, 37.5792864, -0.514, 35.716
./20110304_10SEG7758.laz, -122.122600340458916, -122.105460146348037, 37.5521266, 37.5657699, 0.422, 13.763
./20110304_10SEG7756.laz, -122.122758740404493, -122.10562434629162, 37.5386060, 37.5522500, -2.611, 10.799
./20110304_10SEG7755.laz, -122.122837240377521, -122.105784246236681, 37.5250920, 37.5387312, -0.991, 1233.606
./20110304_10SEG7753.laz, -122.122311140558281, -122.105964446174767, 37.5115793, 37.5251587, -1.291, 650.926
./20110304_10SEG7752.laz, -122.123234440241049, -122.106125346119484, 37.4980495, 37.5116498, -0.912, 1217.546
./20110304_10SEG7750.laz, -122.123391640187037, -122.106268746070214, 37.4845375, 37.4981753, -0.870, 2092.357
./20110304_10SEG7749.laz, -122.123549940132648, -122.106473645999813, 37.4710114, 37.4846566, -0.511, 2142.587
./20110304_10SEG7747.laz, -122.123707140078636, -122.106589745959923, 37.4574938, 37.4711378, -0.949, 33.378
./20110304_10SEG7746.laz, -122.12386514002435, -122.106751245904434, 37.4439750, 37.4576184, -29.196, 37.391
./20110304_10SEG7744.laz, -122.124022839970166, -122.106911445849391, 37.4304549, 37.4440996, -10.429, 35.717
./20110304_10SEG7743.laz, -122.124096339944913, -122.107071745794315, 37.4169355, 37.4305808, -32.237, 47.210
./20110304_10SEG7741.laz, -122.108231045395996, -122.107232445739101, 37.4164957, 37.4169428, 5.683, 17.365
./20110304_10SEG7671.laz, -122.138177235106923, -122.136065535832472, 37.6740293, 37.6799746, 4.619, 34.995
./20110304_10SEG7670.laz, -122.138330635054217, -122.13141883742901, 37.6604759, 37.6740439, -1.093, 1241.555
./20110304_10SEG7668.laz, -122.138490234999381, -122.126767739027059, 37.6469217, 37.6605245, 1.486, 1192.643
./20110304_10SEG7667.laz, -122.138646334945747, -122.121640240788793, 37.6333646, 37.6470069, -1.754, 1306.272
./20110304_10SEG7665.laz, -122.13880273489201, -122.121650240785357, 37.6198453, 37.6334881, -6.575, 1273.472
./20110304_10SEG7664.laz, -122.138955434839545, -122.121808040731139, 37.6063277, 37.6199697, 0.203, 1243.053
./20110304_10SEG7662.laz, -122.139114134785018, -122.121968340676062, 37.5928087, 37.6064493, -0.617, 73.711
./20110304_10SEG7661.laz, -122.139269934731487, -122.122126540621707, 37.5792919, 37.5929322, -0.378, 30.607
./20110304_10SEG7659.laz, -122.139426234677785, -122.122286740566665, 37.5657713, 37.5794121, -0.535, 32.903
./20110304_10SEG7658.laz, -122.139580834624667, -122.122446140511897, 37.5522519, 37.5658947, -0.898, 40.809
./20110304_10SEG7656.laz, -122.139605334616249, -122.122605840457027, 37.5387331, 37.5523747, -0.822, 4.169
./20110304_10SEG7655.laz, -122.127059238926904, -122.122761140403668, 37.5304913, 37.5387616, -1.011, 0.988
./20110304_10SEG7653.laz, -122.140046634464625, -122.135572136001997, 37.5117883, 37.5139942, -0.393, 0.567
./20110304_10SEG7652.laz, -122.140201734411335, -122.123180840259465, 37.4981773, 37.5118195, -0.693, 2264.165
./20110304_10SEG7650.laz, -122.14035693435801, -122.123235540240671, 37.4846577, 37.4983001, -0.241, 2149.746
./20110304_10SEG7649.laz, -122.14051203430472, -122.123393340186453, 37.4711390, 37.4847812, -0.201, 2204.337
./20110304_10SEG7647.laz, -122.140665734251911, -122.123551840131995, 37.4576195, 37.4712619, -21.867, 98.219
./20110304_10SEG7646.laz, -122.140792234208448, -122.123710440077502, 37.4441008, 37.4577431, -23.634, 51.972
./20110304_10SEG7644.laz, -122.140975434145503, -122.123867540023525, 37.4305819, 37.4442133, -11.971, 48.704
./20110304_10SEG7643.laz, -122.141058934116813, -122.12402503996941, 37.4232559, 37.4307054, -4.200, 42.679
./20110304_10SEG7473.laz, -122.155032829315587, -122.139565034630095, 37.6875754, 37.6985692, -6.711, 1257.396
./20110304_10SEG7471.laz, -122.15518602926295, -122.138110435129875, 37.6740457, 37.6876862, -3.452, 1270.766
./20110304_10SEG7470.laz, -122.155338929210416, -122.138179635106098, 37.6605276, 37.6741668, -8.241, 1293.702
./20110304_10SEG7468.laz, -122.15549232915771, -122.138338035051675, 37.6470081, 37.6606486, -1.585, 1304.901
./20110304_10SEG7467.laz, -122.155644829105313, -122.138491734998865, 37.6334898, 37.6471303, -0.336, 1284.469
./20110304_10SEG7465.laz, -122.155798829052401, -122.13864833494506, 37.6199711, 37.6336120, -32.456, 1287.051
./20110304_10SEG7464.laz, -122.155903629016393, -122.138804334891461, 37.6064527, 37.6200927, -0.949, 1253.310
./20110304_10SEG7462.laz, -122.154042729655771, -122.138960434837827, 37.5929335, 37.6065593, -0.940, 7.531
./20110304_10SEG7461.laz, -122.156239228901086, -122.139115734784468, 37.5794153, 37.5930217, -0.940, 18.691
./20110304_10SEG7459.laz, -122.155713829081606, -122.139273734730182, 37.5658963, 37.5795321, -1.054, 21.295
./20110304_10SEG7458.laz, -122.147861731779471, -122.139428134677132, 37.5523788, 37.5659548, -0.997, 0.759
./20110304_10SEG7456.laz, -122.142224233716433, -122.139583934623602, 37.5501353, 37.5523940, -0.741, 0.208
./20110304_10SEG7453.laz, -122.150564530850829, -122.140023434472596, 37.5118207, 37.5197858, -0.471, 0.606
./20110304_10SEG7452.laz, -122.157170128581242, -122.140048634463938, 37.4983019, 37.5118943, -22.992, 1993.343
./20110304_10SEG7450.laz, -122.157321428529258, -122.140203934410579, 37.4847823, 37.4984222, -0.170, 2250.014
./20110304_10SEG7449.laz, -122.157473128477136, -122.140358734357392, 37.4712635, 37.4849035, -5.631, 1012.528
./20110304_10SEG7447.laz, -122.157548028451401, -122.140513234304308, 37.4577443, 37.4713847, -16.748, 49.472
./20110304_10SEG7446.laz, -122.147252131988921, -122.140668034251121, 37.4467032, 37.4577909, -20.676, 54.102
./20110304_10SEG7444.laz, -122.142219633718014, -122.140971334146911, 37.4307060, 37.4312599, 6.227, 34.724
./20110304_10SEG7443.laz, -122.143550033260908, -122.140977834144678, 37.4233933, 37.4307140, 4.927, 46.286
./20110304_10SEG7376.laz, -122.171634623611453, -122.171166023772457, 37.7245792, 37.7273986, 9.907, 20.139
./20110304_10SEG7374.laz, -122.171892923522705, -122.158807928018518, 37.7012342, 37.7053827, 3.256, 1218.064
./20110304_10SEG7373.laz, -122.172043523470961, -122.154910729357539, 37.6876880, 37.7013253, -7.971, 1260.282
./20110304_10SEG7371.laz, -122.172193623419389, -122.155034729314934, 37.6741680, 37.6878063, -0.602, 1267.725
./20110304_10SEG7370.laz, -122.172335023370806, -122.155187229262538, 37.6606515, 37.6742884, -0.914, 1274.695
./20110304_10SEG7368.laz, -122.171513223653164, -122.155340829209763, 37.6471310, 37.6607635, -1.216, 1271.932
./20110304_10SEG7367.laz, -122.163286726479669, -122.155493829157194, 37.6336128, 37.6471788, -1.038, 1278.029
./20110304_10SEG7365.laz, -122.161451227110319, -122.15564672910466, 37.6200946, 37.6336529, -1.019, 1252.717
./20110304_10SEG7364.laz, -122.161553627075136, -122.155800429051851, 37.6107511, 37.6201248, -0.978, 1248.589
./20110304_10SEG7361.laz, -122.157801528364303, -122.156226028905621, 37.5809196, 37.5827473, -0.674, 0.215
./20110304_10SEG7353.laz, -122.173989122802482, -122.158255128208452, 37.5119514, 37.5176754, -0.353, 0.788
./20110304_10SEG7352.laz, -122.174137922751356, -122.157027428630272, 37.4984241, 37.5120615, -0.532, 2219.525
./20110304_10SEG7350.laz, -122.174287122700093, -122.157171528580761, 37.4849047, 37.4985427, 0.000, 2184.546
./20110304_10SEG7349.laz, -122.174387422665632, -122.157323328528605, 37.4713853, 37.4850227, -6.025, 1068.611
./20110304_10SEG7347.laz, -122.161270527172405, -122.157475728476243, 37.4647857, 37.4714114, 3.951, 43.732
./20110304_10SEG7180.laz, -122.188317117879592, -122.183796519432804, 37.7554880, 37.7604606, 3.321, 26.611
./20110304_10SEG7179.laz, -122.188465317828673, -122.180188420672494, 37.7419437, 37.7555184, -12.477, 1284.139
./20110304_10SEG7177.laz, -122.188612017778269, -122.172770223221278, 37.7283715, 37.7419983, -4.260, 1273.065
./20110304_10SEG7176.laz, -122.188760017727418, -122.171604023621967, 37.7149044, 37.7284803, -0.041, 1239.266
./20110304_10SEG7174.laz, -122.188906917676945, -122.171869923530608, 37.7013260, 37.7149626, -3.254, 1252.095
./20110304_10SEG7173.laz, -122.189054917626095, -122.171895123521949, 37.6878078, 37.7014433, -6.894, 1289.112
./20110304_10SEG7171.laz, -122.189062317623552, -122.17204492347048, 37.6742884, 37.6879245, -0.964, 1267.704
./20110304_10SEG7170.laz, -122.177443821615498, -122.172194723419011, 37.6615855, 37.6743109, -0.985, 1262.153
./20110304_10SEG7155.laz, -122.190812617022175, -122.180507820562752, 37.5256289, 37.5386607, -1.162, 147.446
./20110304_10SEG7153.laz, -122.190960516971359, -122.173929422822994, 37.5120627, 37.5256980, -1.031, 50.436
./20110304_10SEG7152.laz, -122.191106716921126, -122.173991422801691, 37.4985438, 37.5121786, -0.550, 1993.725
./20110304_10SEG7150.laz, -122.191251316871444, -122.174139122750944, 37.4850245, 37.4986594, -1.149, 1205.637
./20110304_10SEG7149.laz, -122.191332916843407, -122.174289222699372, 37.4759090, 37.4851406, -4.376, 984.671
./20110304_10SEG7080.laz, -122.205344412029262, -122.18826621789708, 37.7555191, 37.7687868, -13.936, 1287.557
./20110304_10SEG7079.laz, -122.205488511979752, -122.188319317878836, 37.7420008, 37.7556339, -9.389, 1286.326
./20110304_10SEG7077.laz, -122.205633811929829, -122.188467017828089, 37.7284827, 37.7421151, -28.699, 1267.216
./20110304_10SEG7076.laz, -122.205777911880318, -122.188614217777513, 37.7149631, 37.7285964, -7.991, 1248.995
./20110304_10SEG7074.laz, -122.205921011831151, -122.188761717726834, 37.7014445, 37.7150783, -2.752, 1285.185
./20110304_10SEG7073.laz, -122.205929411828265, -122.188908817676293, 37.6879263, 37.7015588, -1.204, 1260.803
./20110304_10SEG7071.laz, -122.202377913048508, -122.189055817625785, 37.6788425, 37.6879561, -1.381, 1249.655
./20110304_10SEG7056.laz, -122.20764571123857, -122.194838315639004, 37.5392472, 37.5499090, -0.721, 2292.646
./20110304_10SEG7055.laz, -122.2077891111893, -122.190699817060931, 37.5256993, 37.5393326, -1.071, 44.038
./20110304_10SEG7053.laz, -122.207931511140373, -122.190816217020938, 37.5121804, 37.5258132, -0.608, 79.668
./20110304_10SEG7052.laz, -122.208075111091034, -122.190961916970878, 37.4986618, 37.5122941, -1.169, 1058.986
./20110304_10SEG7050.laz, -122.208216011042623, -122.191109116920302, 37.4851435, 37.4987748, -0.689, 639.469
./20110304_10SEG7049.laz, -122.208304611012181, -122.191253316870757, 37.4768721, 37.4852555, -1.897, 687.659
./20110304_10SEG6882.laz, -122.222229906227653, -122.205910911834621, 37.7691583, 37.7776731, -11.073, 1147.224
./20110304_10SEG6880.laz, -122.222371606178967, -122.205205512076986, 37.7556347, 37.7692660, -21.461, 1270.756
./20110304_10SEG6879.laz, -122.222512106130694, -122.20534561202885, 37.7421169, 37.7557478, -34.798, 1254.039
./20110304_10SEG6877.laz, -122.222653606082076, -122.205490911978927, 37.7285982, 37.7422290, -6.437, 1202.910
./20110304_10SEG6876.laz, -122.222794806033562, -122.20563471192952, 37.7150794, 37.7287095, -11.541, 1214.915
./20110304_10SEG6874.laz, -122.222935305985288, -122.205779311879837, 37.7015607, 37.7151913, -12.190, 1260.553
./20110304_10SEG6873.laz, -122.222948005980925, -122.205924111830086, 37.6971282, 37.7016717, -1.281, 13.166
./20110304_10SEG6858.laz, -122.224483705453281, -122.213111909360464, 37.5529031, 37.5567536, -0.339, 0.619
./20110304_10SEG6856.laz, -122.224623105405385, -122.207546311272722, 37.5393332, 37.5529643, -0.812, 2295.987
./20110304_10SEG6855.laz, -122.224762405357524, -122.207648011237779, 37.5258150, 37.5394450, -0.447, 53.599
./20110304_10SEG6853.laz, -122.224903405309078, -122.207789811189059, 37.5122954, 37.5259250, -0.619, 63.418
./20110304_10SEG6852.laz, -122.225041505261629, -122.207932711139961, 37.4987767, 37.5124062, -4.499, 1147.196
./20110304_10SEG6850.laz, -122.225181705213458, -122.208076111090691, 37.4852565, 37.4988850, -9.967, 1206.188
./20110304_10SEG6849.laz, -122.22527390518178, -122.208218211041867, 37.4763656, 37.4853679, -2.740, 1264.457
./20110304_10SEG6783.laz, -122.239121600423914, -122.232022402863095, 37.7828509, 37.7875200, 3.642, 47.302
./20110304_10SEG6782.laz, -122.239260000376362, -122.222143406257373, 37.7692672, 37.7828965, -28.302, 57.865
./20110304_10SEG6780.laz, -122.239398600328741, -122.222231606227069, 37.7557490, 37.7693772, -24.209, 63.736
./20110304_10SEG6779.laz, -122.23953720028112, -122.222372306178727, 37.7422302, 37.7558590, -29.460, 53.018
./20110304_10SEG6777.laz, -122.239674600233911, -122.222514306129938, 37.7287126, 37.7423401, -2.287, 32.717
./20110304_10SEG6776.laz, -122.239813100186325, -122.222655006081595, 37.7151932, 37.7288218, -1.792, 75.816
./20110304_10SEG6774.laz, -122.239865100168458, -122.222797406032669, 37.7016744, 37.7153025, -1.721, 14.926
./20110304_10SEG6773.laz, -122.227864804291585, -122.222938105984326, 37.7003817, 37.7016857, -1.343, -0.142
./20110304_10SEG6758.laz, -122.241464399618962, -122.224474205456545, 37.5529651, 37.5620367, -0.639, 2297.987
./20110304_10SEG6756.laz, -122.241599899572407, -122.224485205452766, 37.5394463, 37.5530745, -5.478, 2093.992
./20110304_10SEG6755.laz, -122.241737799525026, -122.224625005404732, 37.5259269, 37.5395551, -5.214, 68.579
./20110304_10SEG6753.laz, -122.241875199477818, -122.224764505356802, 37.5124080, 37.5260357, -0.713, 21.944
./20110304_10SEG6752.laz, -122.242010899431193, -122.224903905308906, 37.4988891, 37.5125169, -1.018, 977.360
./20110304_10SEG6750.laz, -122.242090399403878, -122.225047305259636, 37.4853698, 37.4989975, -32.152, 1145.678
./20110304_10SEG6749.laz, -122.238152000757054, -122.225184205212599, 37.4765005, 37.4854518, -1.929, 696.077
./20110304_10SEG6586.laz, -122.255883494664772, -122.241147199727948, 37.8099531, 37.8166760, 0.875, 1284.852
./20110304_10SEG6585.laz, -122.256018894618251, -122.241651599554643, 37.7964688, 37.8100425, -14.944, 1277.355
./20110304_10SEG6583.laz, -122.256154894571523, -122.239075200439856, 37.7828972, 37.7965237, -12.026, 1190.880
./20110304_10SEG6582.laz, -122.256290194525036, -122.239123100423399, 37.7693784, 37.7830043, -17.424, 1265.221
./20110304_10SEG6580.laz, -122.256424894478755, -122.23926120037595, 37.7558596, 37.7694861, -30.069, 1240.096
./20110304_10SEG6579.laz, -122.256560894432027, -122.239399700328363, 37.7423408, 37.7559677, -10.632, 1261.714
./20110304_10SEG6577.laz, -122.256695194385884, -122.239538300280742, 37.7288226, 37.7424484, -7.992, 1257.045
./20110304_10SEG6576.laz, -122.256723894376023, -122.239676200233362, 37.7153042, 37.7289296, -1.493, 1281.724
./20110304_10SEG6574.laz, -122.246191697994732, -122.239815300185569, 37.7102425, 37.7153421, -1.454, 1259.702
./20110304_10SEG6559.laz, -122.258310693830822, -122.246458397903098, 37.5666279, 37.5763367, -0.387, 2276.960
./20110304_10SEG6558.laz, -122.258445393784541, -122.24138369964669, 37.5530761, 37.5667022, -2.111, 2040.336
./20110304_10SEG6556.laz, -122.258578993738638, -122.241465399618619, 37.5395563, 37.5531821, -8.001, 2111.615
./20110304_10SEG6555.laz, -122.258703493695862, -122.24160349957117, 37.5260375, 37.5396633, -4.524, 35.631
./20110304_10SEG6553.laz, -122.258845693647004, -122.241739199524545, 37.5125179, 37.5261415, -23.776, 85.231
./20110304_10SEG6552.laz, -122.258908093625564, -122.241875699477646, 37.4989987, 37.5126244, -8.601, 1158.026
./20110304_10SEG6550.laz, -122.254285195213924, -122.2420134994303, 37.4911490, 37.4990759, -6.272, 624.435
./20110304_10SEG6486.laz, -122.272923188810182, -122.25581839468714, 37.8100435, 37.8193118, -31.495, 1195.250
./20110304_10SEG6485.laz, -122.273055088764863, -122.25588469466436, 37.7965243, 37.8101483, -33.592, 1188.715
./20110304_10SEG6483.laz, -122.273188088719166, -122.256020694617632, 37.7830067, 37.7966301, -7.669, 1232.808
./20110304_10SEG6482.laz, -122.273320488673676, -122.256156594570939, 37.7694873, 37.7831113, -11.015, 1278.061
./20110304_10SEG6480.laz, -122.273413288641791, -122.256291394524624, 37.7559691, 37.7695918, -29.684, 1270.120
./20110304_10SEG6479.laz, -122.263113592180616, -122.25642639447824, 37.7424497, 37.7560062, -1.162, 1248.084
./20110304_10SEG6477.laz, -122.264626191660909, -122.256561594431787, 37.7289315, 37.7424892, -1.344, 1257.135
./20110304_10SEG6476.laz, -122.262157592509084, -122.256696794385334, 37.7258954, 37.7289637, -1.284, 1258.653
./20110304_10SEG6461.laz, -122.274321488329747, -122.262582192363197, 37.5802499, 37.5829064, -0.402, 0.748
./20110304_10SEG6459.laz, -122.275295287995164, -122.258218493862501, 37.5667027, 37.5803158, -3.005, 1914.782
./20110304_10SEG6458.laz, -122.275424487950772, -122.258312393830238, 37.5531839, 37.5668072, -12.808, 113.667
./20110304_10SEG6456.laz, -122.275557087905213, -122.258447093783957, 37.5396646, 37.5532873, -26.754, 39.185
./20110304_10SEG6455.laz, -122.275688087860203, -122.258581593737745, 37.5261590, 37.5397685, -3.394, 70.292
./20110304_10SEG6453.laz, -122.275717487850102, -122.25872119368978, 37.5126257, 37.5262491, -2.025, 54.249
./20110304_10SEG6452.laz, -122.269424290012353, -122.258848093646179, 37.5063235, 37.5126908, -27.127, 46.036
./20110304_10SEG6289.laz, -122.289703783044615, -122.284799184729764, 37.8372613, 37.8474250, -17.649, 1241.157
./20110304_10SEG6288.laz, -122.289833483000052, -122.278559486873633, 37.8237048, 37.8372904, -35.638, 1288.300
./20110304_10SEG6286.laz, -122.289963082955524, -122.272834288840727, 37.8101495, 37.8237710, -11.404, 1232.361
./20110304_10SEG6285.laz, -122.290091582911373, -122.27292438880977, 37.7966319, 37.8102529, -9.643, 1010.995
./20110304_10SEG6283.laz, -122.29022128286681, -122.273056488764382, 37.7831119, 37.7967338, -29.809, 1237.516
./20110304_10SEG6282.laz, -122.290350782822316, -122.273189288718754, 37.7695937, 37.7832150, -7.516, 1269.691
./20110304_10SEG6280.laz, -122.290417782799295, -122.273321888673195, 37.7600264, 37.7696962, -1.296, 1259.633
./20110304_10SEG6261.laz, -122.284671784773536, -122.283943185023873, 37.5803815, 37.5805469, -0.091, 0.507
./20110304_10SEG6259.laz, -122.292278982159814, -122.275236388015401, 37.5668085, 37.5803839, -1.211, 153.281
./20110304_10SEG6258.laz, -122.292406982115835, -122.275297387994442, 37.5532898, 37.5669101, -22.718, 2206.549
./20110304_10SEG6256.laz, -122.292534582071994, -122.275428087949535, 37.5397696, 37.5533907, -5.089, 1679.704
./20110304_10SEG6255.laz, -122.292639682035883, -122.275557787904972, 37.5262503, 37.5398719, -5.243, 77.700
./20110304_10SEG6253.laz, -122.286923783999782, -122.275688787859963, 37.5230958, 37.5263172, 3.184, 76.288
./20110304_10SEG6191.laz, -122.295897380916585, -122.291176382538652, 37.8508195, 37.8526850, 1.259, 25.450
./20110304_10SEG6189.laz, -122.306749877187826, -122.28960708307784, 37.8372911, 37.8508470, -17.527, 1314.989
./20110304_10SEG6188.laz, -122.306875077144809, -122.289704783044272, 37.8237723, 37.8373920, -12.496, 1236.738
./20110304_10SEG6186.laz, -122.307002877100899, -122.289834482999709, 37.8102535, 37.8238732, -23.626, 1201.811
./20110304_10SEG6185.laz, -122.307128377057779, -122.289963982955214, 37.7967347, 37.8103538, -26.903, 1152.381
./20110304_10SEG6183.laz, -122.307254977014281, -122.290092982910892, 37.7832165, 37.7968349, -2.482, 1256.325
./20110304_10SEG6182.laz, -122.307380676971093, -122.290222482866398, 37.7696970, 37.7833162, -2.840, 1292.167
./20110304_10SEG6180.laz, -122.307425676955631, -122.290352482821731, 37.7626148, 37.7697980, -1.367, 1286.298
./20110304_10SEG6161.laz, -122.309137576367448, -122.300886379202439, 37.5804830, 37.5895961, -1.200, 1.108
./20110304_10SEG6159.laz, -122.309263076324328, -122.292171882196612, 37.5669119, 37.5805298, -7.565, 144.782
./20110304_10SEG6158.laz, -122.309387276281655, -122.292280182159402, 37.5533929, 37.5670110, -3.837, 71.399
./20110304_10SEG6156.laz, -122.309480176249735, -122.292409082115114, 37.5398731, 37.5534910, -10.210, 953.074
./20110304_10SEG6155.laz, -122.302387878686545, -122.292535782071582, 37.5286544, 37.5399303, 1.024, 43.531
./20110304_10SEG5989.laz, -122.318452673166917, -122.306673377214111, 37.8373926, 37.8457067, -5.420, 1257.888
./20110304_10SEG5988.laz, -122.323919271288673, -122.306750677187551, 37.8238738, 37.8374485, -11.448, 1264.397
./20110304_10SEG5986.laz, -122.324041371246722, -122.306877477143985, 37.8103550, 37.8239711, -1.167, 1261.829
./20110304_10SEG5985.laz, -122.324155071207656, -122.307004077100487, 37.7968362, 37.8104529, -16.244, 1269.519
./20110304_10SEG5983.laz, -122.324287671162097, -122.307130477057058, 37.7833174, 37.7969315, -9.664, 1299.716
./20110304_10SEG5982.laz, -122.324350871140382, -122.307255977013938, 37.7697992, 37.7834153, -1.360, 1308.164
./20110304_10SEG5980.laz, -122.31908217295063, -122.307383076970268, 37.7648887, 37.7698630, -1.156, 1275.139
./20110304_10SEG5961.laz, -122.326125270530724, -122.309055976395484, 37.5805311, 37.5938407, -1.701, 2229.414
./20110304_10SEG5959.laz, -122.32622587049616, -122.309139576366761, 37.5670116, 37.5806282, -22.483, 454.511
./20110304_10SEG5958.laz, -122.320859972339804, -122.309264476323847, 37.5534922, 37.5670779, -4.369, 1900.701
./20110304_10SEG5956.laz, -122.316888373704387, -122.309389876280761, 37.5435127, 37.5535354, -24.593, 39.176
./20110304_10SEG5888.laz, -122.331000568855643, -122.323887971299428, 37.8239733, 37.8274761, -1.039, 1258.537
./20110304_10SEG5886.laz, -122.34108156539196, -122.32392027128833, 37.8104552, 37.8240128, -1.257, 1278.628
./20110304_10SEG5885.laz, -122.341165565363099, -122.324043971245828, 37.7969474, 37.8105501, -7.427, 1293.781
./20110304_10SEG5883.laz, -122.33772606654486, -122.324168771202949, 37.7834165, 37.7970107, -1.235, 1299.863
./20110304_10SEG5882.laz, -122.335428667334213, -122.324289871161341, 37.7734534, 37.7834785, -1.091, 1381.285
./20110304_10SEG5862.laz, -122.34299366473499, -122.335522267302053, 37.5942025, 37.5945843, -0.382, 0.789
./20110304_10SEG5861.laz, -122.343113064693966, -122.326018770567316, 37.5806290, 37.5942426, -19.375, 2068.273
./20110304_10SEG5859.laz, -122.343146264682559, -122.32612697053014, 37.5694563, 37.5807242, -21.924, 48.471
./20110304_10SEG5686.laz, -122.341131865374678, -122.341084865390826, 37.8105544, 37.8105836, -0.626, -0.318
./20110304_10SEG5685.laz, -122.344682064154881, -122.341083965391135, 37.8007877, 37.8105501, -1.168, 1286.668
./20110304_10SEG5677.laz, -122.358821559296757, -122.354945960628356, 37.7295115, 37.7322628, -1.090, 30.606
./20110304_10SEG5676.laz, -122.358939559256214, -122.355047660593414, 37.7160037, 37.7295298, -1.102, 34.074
./20110304_10SEG5674.laz, -122.358947059253637, -122.357228859843985, 37.7150702, 37.7160090, -1.141, 3.658
./20110304_10SEG5664.laz, -122.35986405893857, -122.351365261858632, 37.6082266, 37.6198343, -0.980, 887.926
./20110304_10SEG5662.laz, -122.359984458897202, -122.342993564735025, 37.5942450, 37.6073492, -0.414, 24.677
./20110304_10SEG5661.laz, -122.360086658862087, -122.342996464734028, 37.5807250, 37.5943362, -31.376, 671.710
./20110304_10SEG5659.laz, -122.356424060120503, -122.343113564693795, 37.5770003, 37.5807968, -6.508, 54.951
./20110304_10SEG5580.laz, -122.375616353526311, -122.375428953590699, 37.7566597, 37.7571170, -0.672, -0.334
./20110304_10SEG5579.laz, -122.375730353487143, -122.36962765558394, 37.7431088, 37.7566592, -1.433, 1216.813
./20110304_10SEG5577.laz, -122.375844553447905, -122.358801459303663, 37.7295304, 37.7431404, -1.265, 81.252
./20110304_10SEG5576.laz, -122.375955853409664, -122.358823959295933, 37.7160116, 37.7296204, -1.244, 117.145
./20110304_10SEG5574.laz, -122.376029253384445, -122.358940059256042, 37.7075862, 37.7161007, -1.273, 20.247
./20110304_10SEG5570.laz, -122.376410553253436, -122.37341725428189, 37.6620099, 37.6666716, -1.311, 21.998
./20110304_10SEG5568.laz, -122.37651095321894, -122.372915154454404, 37.6498963, 37.6620249, -1.370, 13.568
./20110304_10SEG5567.laz, -122.376636753175717, -122.376287553295697, 37.6349857, 37.6354026, -0.927, 0.633
./20110304_10SEG5565.laz, -122.376749753136892, -122.36230775809895, 37.6213907, 37.6349850, -15.356, 1948.790
./20110304_10SEG5564.laz, -122.37686245309817, -122.359766658972035, 37.6078721, 37.6214661, -1.202, 1958.285
./20110304_10SEG5562.laz, -122.376975453059345, -122.359955258907235, 37.5943379, 37.6079475, -6.263, 52.574
./20110304_10SEG5561.laz, -122.377024153042612, -122.359985358896893, 37.5824330, 37.5944275, -25.406, 482.389
./20110304_10SEG5385.laz, -122.392311347790155, -122.389038048914813, 37.7972916, 37.8002217, -1.148, 10.122
./20110304_10SEG5383.laz, -122.392424047751433, -122.38236775120663, 37.7837351, 37.7973056, -32.025, 219.692
./20110304_10SEG5382.laz, -122.392533747713742, -122.378716952460991, 37.7701967, 37.7837860, -9.634, 1216.063
./20110304_10SEG5380.laz, -122.392645047675501, -122.375615853526483, 37.7566604, 37.7702678, -7.846, 1162.144
./20110304_10SEG5379.laz, -122.392754447637913, -122.375618253525658, 37.7431410, 37.7567480, -7.947, 1104.230
./20110304_10SEG5377.laz, -122.392865947599603, -122.375732753486318, 37.7296221, 37.7432273, -22.127, 1174.819
./20110304_10SEG5376.laz, -122.392975547561946, -122.375845653447527, 37.7161028, 37.7297102, -5.578, 1156.230
./20110304_10SEG5374.laz, -122.393086147523945, -122.375959653408358, 37.7026612, 37.7161907, -1.363, 1089.192
./20110304_10SEG5373.laz, -122.393196247486117, -122.387462249456235, 37.6891241, 37.7026714, -1.307, 18.619
./20110304_10SEG5371.laz, -122.393306847448116, -122.37978475209411, 37.6755638, 37.6891509, -33.775, 1142.602
./20110304_10SEG5370.laz, -122.393416947410287, -122.376372753266423, 37.6620263, 37.6756325, -1.395, 821.419
./20110304_10SEG5368.laz, -122.393526647372596, -122.376412253252852, 37.6485118, 37.6621127, -1.300, 1201.402
./20110304_10SEG5367.laz, -122.393636747334767, -122.376633753176748, 37.6349875, 37.6485944, -1.838, 1044.697
./20110304_10SEG5365.laz, -122.393746847296939, -122.376639153174892, 37.6214685, 37.6350745, -4.575, 812.051
./20110304_10SEG5364.laz, -122.393856747259179, -122.376751253136376, 37.6079487, 37.6215550, -35.894, 57.611
./20110304_10SEG5362.laz, -122.393934747232379, -122.376863253097895, 37.5944292, 37.6080354, -22.653, 2275.562
./20110304_10SEG5361.laz, -122.3867405497042, -122.376976453059001, 37.5885333, 37.5944791, -17.181, 59.227
./20110304_10SEG5285.laz, -122.400409945007596, -122.392290547797302, 37.7973074, 37.8008988, -8.627, 33.208
./20110304_10SEG5283.laz, -122.404722343525918, -122.392315447788746, 37.7837880, 37.7973463, -35.277, 263.979
./20110304_10SEG5282.laz, -122.409565041862038, -122.392425247751021, 37.7702685, 37.7838476, -34.086, 1041.870
./20110304_10SEG5280.laz, -122.409607841847333, -122.39253584771302, 37.7567498, 37.7703543, -29.606, 1265.818
./20110304_10SEG5279.laz, -122.409310241949584, -122.392646247675088, 37.7432298, 37.7568252, -33.408, 1107.181
./20110304_10SEG5277.laz, -122.40986394175934, -122.392757047637019, 37.7297110, 37.7433131, -12.631, 1146.233
./20110304_10SEG5276.laz, -122.403550843928429, -122.392867347599122, 37.7161919, 37.7297644, 4.050, 231.338
./20110304_10SEG5274.laz, -122.410100941677911, -122.392978047561087, 37.7026727, 37.7162219, -7.740, 1137.808
./20110304_10SEG5273.laz, -122.410175341652348, -122.393088147523258, 37.6891537, 37.7027573, 0.308, 1202.574
./20110304_10SEG5271.laz, -122.407681842509078, -122.39319754748567, 37.6756338, 37.6892251, -0.055, 1162.794
./20110304_10SEG5270.laz, -122.402312444353925, -122.393308347447601, 37.6621155, 37.6756351, -1.369, 126.437
./20110304_10SEG5268.laz, -122.410529441530684, -122.393418847409635, 37.6485951, 37.6621583, -34.993, 523.266
./20110304_10SEG5267.laz, -122.410636841493783, -122.393527347372356, 37.6350757, 37.6486796, -13.040, 2215.405
./20110304_10SEG5265.laz, -122.410743441457157, -122.393637747334424, 37.6215561, 37.6351608, -34.198, 1280.558
./20110304_10SEG5264.laz, -122.410765441449598, -122.393747347296767, 37.6080368, 37.6216418, -18.506, 2292.281
./20110304_10SEG5262.laz, -122.404606043565877, -122.393857447258938, 37.5983277, 37.6080902, 0.332, 60.577
./20110304_10SEG5082.laz, -122.411540241183388, -122.409505641882447, 37.7703554, 37.7780973, 4.164, 28.443
./20110304_10SEG5080.laz, -122.410760641451247, -122.409567341861248, 37.7650371, 37.7703598, 2.772, 41.031
./20110304_10SEG5079.laz, -122.416037939638045, -122.414233640257976, 37.7433391, 37.7438643, 108.205, 139.775
./20110304_10SEG5077.laz, -122.416038039638011, -122.409796241782601, 37.7326865, 37.7433469, 5.626, 159.385
./20110304_10SEG5074.laz, -122.413132540636298, -122.410077241686054, 37.7027591, 37.7060247, 3.522, 32.223
./20110304_10SEG5073.laz, -122.41463344012061, -122.410102841677258, 37.6934999, 37.7027731, 2.441, 133.386
./20110304_10SEG5068.laz, -122.426369136088397, -122.410469541551265, 37.6486813, 37.6564739, -17.484, 1222.792
./20110304_10SEG5067.laz, -122.422731237338326, -122.4105311415301, 37.6351614, 37.6487408, -5.688, 1561.176
./20110304_10SEG5065.laz, -122.415918539679069, -122.410638041493371, 37.6216426, 37.6351850, 1.649, 1267.226
./20110304_10SEG5064.laz, -122.412510640849973, -122.410744341456848, 37.6188050, 37.6216505, 6.509, 35.527
./20110304_10SEG4483.laz, -122.494626612636125, -122.491635213663926, 37.7844775, 37.7910843, -1.292, 133.633
./20110304_10SEG4476.laz, -122.495088112477561, -122.482031316963685, 37.7166171, 37.7267533, 4.604, 145.062
./20110304_10SEG4474.laz, -122.495118712467047, -122.480996017319399, 37.7055809, 37.7166707, 4.583, 1276.610
./20110304_10SEG4473.laz, -122.495271712414478, -122.494020312844441, 37.6896288, 37.6979094, 71.485, 1031.874
./20110304_10SEG4471.laz, -122.495363112383075, -122.491870513583081, 37.6760995, 37.6896331, 7.904, 181.602
./20110304_10SEG4470.laz, -122.495455112351465, -122.491220113806548, 37.6625772, 37.6761129, -1.014, 184.431
./20110304_10SEG4468.laz, -122.495545812320302, -122.49068801398937, 37.6490560, 37.6625918, -1.553, 891.642
./20110304_10SEG4467.laz, -122.495637012288967, -122.4898462142786, 37.6355317, 37.6490686, -1.715, 54.298
./20110304_10SEG4465.laz, -122.495728912257391, -122.487290715156632, 37.6220007, 37.6355548, -1.276, 1260.688
./20110304_10SEG4464.laz, -122.495820112226056, -122.484430516139355, 37.6084698, 37.6220341, 2.142, 1074.702
./20110304_10SEG4462.laz, -122.495911512194652, -122.484492016118224, 37.5949832, 37.6085146, 10.346, 214.299
./20110304_10SEG4461.laz, -122.495946012182799, -122.492573313341609, 37.5897857, 37.5949959, 8.426, 59.503
./20110304_10SEG4388.laz, -122.511395806874475, -122.504771509150487, 37.8248722, 37.8281432, 4.079, 1375.263
./20110304_10SEG4386.laz, -122.511411306869149, -122.501214010372792, 37.8189585, 37.8248993, -1.270, 1357.975
./20110304_10SEG4383.laz, -122.511662406782875, -122.494583712650865, 37.7843084, 37.7954858, -1.814, 1242.173
./20110304_10SEG4382.laz, -122.511751506752262, -122.500338410673635, 37.7707749, 37.7843413, -0.654, 694.832
./20110304_10SEG4380.laz, -122.511841206721442, -122.500398810652882, 37.7572579, 37.7708213, -0.252, 1242.575
./20110304_10SEG4379.laz, -122.511929606691069, -122.500489910621582, 37.7437501, 37.7573025, -1.222, 1118.983
./20110304_10SEG4377.laz, -122.511933406689764, -122.4959166121929, 37.7301998, 37.7437831, -1.791, 1200.256
./20110304_10SEG4376.laz, -122.512106506630289, -122.495023212499859, 37.7166743, 37.7302545, -1.790, 1129.371
./20110304_10SEG4374.laz, -122.512136206620085, -122.49508881247732, 37.7031621, 37.7167416, -2.152, 1140.877
./20110304_10SEG4373.laz, -122.504488409247756, -122.495217112433238, 37.6896361, 37.7031925, -22.542, 641.966
./20110304_10SEG4371.laz, -122.501076410420069, -122.495272912414066, 37.6761154, 37.6896568, -1.791, 140.385
./20110304_10SEG4370.laz, -122.501292810345717, -122.495364312382662, 37.6625954, 37.6761281, -2.032, 1057.563
./20110304_10SEG4368.laz, -122.49795401149288, -122.495455812351224, 37.6490752, 37.6626031, -2.023, 12.065
./20110304_10SEG4367.laz, -122.498011111473261, -122.495547012319889, 37.6355564, 37.6490833, -2.035, 3.364
./20110304_10SEG4365.laz, -122.502626609887443, -122.495638212288554, 37.6220396, 37.6355651, -2.446, 17.415
./20110304_10SEG4364.laz, -122.505902008762064, -122.495730112256979, 37.6085165, 37.6220626, -2.265, 824.440
./20110304_10SEG4362.laz, -122.512902606356761, -122.495821112225713, 37.5949984, 37.6085579, -2.846, 1236.432
./20110304_10SEG4361.laz, -122.512932106346625, -122.495912512194309, 37.5866782, 37.5950671, 2.538, 824.729
./20110304_10SEG4188.laz, -122.528439801018408, -122.511375206881553, 37.8249000, 37.8364575, -1.131, 1393.706
./20110304_10SEG4186.laz, -122.528509700994391, -122.511397006874063, 37.8139247, 37.8249683, -1.425, 1373.179
./20110304_10SEG4183.laz, -122.521016703568876, -122.511592006807064, 37.7843417, 37.7953228, -2.210, 1102.204
./20110304_10SEG4182.laz, -122.521566503379972, -122.511664106782291, 37.7708231, 37.7843790, -2.671, 1186.285
./20110304_10SEG4180.laz, -122.517516004771664, -122.511752906751781, 37.7573031, 37.7708450, -1.691, 914.666
./20110304_10SEG4179.laz, -122.517546404761219, -122.511842006721167, 37.7437836, 37.7573243, -1.721, 284.297
./20110304_10SEG4177.laz, -122.512750206409123, -122.511931006690588, 37.7430960, 37.7437847, -1.470, 1.739
./20110304_10SEG4162.laz, -122.527901401203394, -122.512845206376483, 37.5950683, 37.6041017, -2.663, 1213.072
./20110304_10SEG4161.laz, -122.527873001213152, -122.512903606356417, 37.5905622, 37.5951273, -2.308, 1242.311
./20110304_10SEG4089.laz, -122.545400795190858, -122.54521719525394, 37.8385550, 37.8389242, 134.302, 144.803
./20110304_10SEG4088.laz, -122.545483295162512, -122.528383701037683, 37.8249695, 37.8385550, -1.557, 1396.872
./20110304_10SEG4086.laz, -122.54551019515327, -122.528440301018236, 37.8138042, 37.8250351, -2.138, 1399.651
./20110304_10SEG3891.laz, -122.562367689361281, -122.556560591356515, 37.8521183, 37.8557900, 1.384, 158.658
./20110304_10SEG3889.laz, -122.562447889333725, -122.545399095191442, 37.8385557, 37.8521384, -1.950, 1389.228
./20110304_10SEG3888.laz, -122.562473689324861, -122.545401295190686, 37.8250363, 37.8386196, -1.797, 1386.319
./20110304_10SEG3792.laz, -122.579341283529402, -122.567926787451256, 37.8656801, 37.8747326, 4.161, 1493.002
./20110304_10SEG3791.laz, -122.579378583516586, -122.562347089368359, 37.8521395, 37.8657198, -1.601, 1377.454
./20110304_10SEG3789.laz, -122.56812998738144, -122.562368589360972, 37.8386202, 37.8521474, -1.564, 1135.551
./20110304_10SEG3592.laz, -122.59637827767574, -122.579291683546444, 37.8657210, 37.8752177, -1.295, 1349.718
./20110304_10SEG3591.laz, -122.593640178616511, -122.579342283529058, 37.8555026, 37.8657702, -1.813, 1330.291
./20110304_10SEG3494.laz, -122.613377071835203, -122.601958875758328, 37.8793189, 37.8883693, 9.910, 1392.346
./20110304_10SEG3492.laz, -122.613400671827094, -122.596343777687594, 37.8686444, 37.8793566, -1.357, 1365.605
./20110304_10SEG3294.laz, -122.630432465975218, -122.613330771851111, 37.8793572, 37.8929307, -1.366, 1298.928
./20110304_10SEG3292.laz, -122.630448565969687, -122.613378671834653, 37.8748511, 37.8794113, -1.386, 1325.736
./20110304_10SEG3195.laz, -122.647425260136743, -122.630322366013047, 37.8929311, 37.9056236, -31.243, 1422.070
./20110304_10SEG3194.laz, -122.647446060129596, -122.630366865997757, 37.8794125, 37.8929828, -1.380, 1274.506
./20110304_10SEG2997.laz, -122.664424154296171, -122.648581359739524, 37.9065073, 37.9179065, -0.299, 1271.824
./20110304_10SEG2995.laz, -122.664435954292117, -122.647366860156808, 37.8929842, 37.9065517, -1.205, 1322.242
./20110304_10SEG2898.laz, -122.681428848453606, -122.666425553608519, 37.9200778, 37.9313445, -0.033, 109.177
./20110304_10SEG2897.laz, -122.681485348434194, -122.664373154313694, 37.9065528, 37.9201185, -0.389, 131.622
./20110304_10SEG2895.laz, -122.681499548429315, -122.664425354295759, 37.9036350, 37.9065985, -1.052, 18.694
./20110304_10SEG2698.laz, -122.698494442590118, -122.681380848470098, 37.9201196, 37.9336829, 0.037, 95.626
./20110304_10SEG2697.laz, -122.698549942571049, -122.681429348453435, 37.9066003, 37.9201641, -0.299, 94.198
./20110304_10SEG2695.laz, -122.69860474255222, -122.681488548433094, 37.8931245, 37.9066447, -1.180, 97.125
./20110304_10SEG2694.laz, -122.698630142543493, -122.695546543602973, 37.8848519, 37.8931253, -1.349, 1.939
./20110304_10SEG2598.laz, -122.704147540647796, -122.69844024260874, 37.9201646, 37.9336975, 2.306, 1419.190
./20110304_10SEG2597.laz, -122.70423784061677, -122.698495342589808, 37.9066451, 37.9201732, 6.578, 1372.596
./20110304_10SEG2595.laz, -122.715641836698524, -122.698550642570808, 37.8931259, 37.9066592, -1.258, 1218.276
./20110304_10SEG2594.laz, -122.707995439325714, -122.698606642551567, 37.8870499, 37.8931489, -1.188, 3.649
./20110304_10SEG2398.laz, -122.732627130862625, -122.721216234783242, 37.9202201, 37.9292594, 9.021, 1412.478
./20110304_10SEG2397.laz, -122.732645530856303, -122.720398735064123, 37.9066988, 37.9202462, -1.106, 92.116
./20110304_10SEG2395.laz, -122.72889823214382, -122.715622836705052, 37.8984704, 37.9067183, -1.155, 81.129
./20110304_10SEG2298.laz, -122.749659625010509, -122.732595230873585, 37.9202468, 37.9338032, -1.278, 203.368
./20110304_10SEG2297.laz, -122.738331528902677, -122.732627830862384, 37.9150883, 37.9202590, -1.307, 68.148
./20110304_10SEG2098.laz, -122.7549570231904, -122.749648325014391, 37.9302050, 37.9338143, -0.893, 62.540
./20110304_10SDH9907.laz, -122.991307541983815, -122.988609342910877, 38.0016666, 38.0048278, 34.051, 116.653
./20110304_10SDH9906.laz, -123.005694537040654, -122.988609842910705, 37.9881473, 38.0016667, -1.358, 171.135
./20110304_10SDH9807.laz, -123.022780831170053, -123.0090682358815, 38.0016649, 38.0047463, -2.411, 68.434
./20110304_10SDH9806.laz, -123.022779931170362, -123.005694337040723, 37.9916033, 38.0016667, -2.989, 190.780
./20110304_10SDH9607.laz, -123.025654930182554, -123.02278043117019, 38.0016643, 38.0048181, -2.277, 1.711
./20110304_10SDH9606.laz, -123.02967152880251, -123.022777531171187, 37.9932169, 38.0016643, -2.847, 99.759
